Амирхан,амирхан878@gmail.com,amirhan878
Амирхан,амирхан878@gmail.com,amirhan878
Амирхан,амирхан878@gmail.com,amirhan878
Амирхан,амирхан878@gmail.com,amirhan878
Sallivan,Sallivan878@gmail.com,sallivan878
Sallivan,Sallivan878@gmail.com,sallivan878
Салина,salina878@gmail.com,salina878
Салина,salina878@gmail.com,salina878
Зина,zina777@gmail.com,zina777
Зина,zina777@gmail.com,zina777
Алинур,alinur878@gmail.com,alinur878
Алинур,alinur878@gmail.com,alinur878
Алинур,alinur878@gmail.com,alinur878
Алинур,alinur878@gmail.com,alinur878
Саида,saida555@gmail.com,saida555
Саида,saida555@gmail.com,saida555
Улукбек,ulukbek878@gmail.com,ulukbek878
Улукбек,ulukbek878@gmail.com,ulukbek878
Салина,salina878@gmail.com,salina878
Салина,salina878@gmail.com,salina878
Салина,salina878@gmail.com,salina878
Салина,salina878@gmail.com,salina878
Салтанат,saltanat878@gmail.com,saltanat878
Салтанат,saltanat878@gmail.com,saltanat878
Салливан,sallivan878@gmail.com,sallivan878
Салливан,sallivan878@gmail.com,sallivan878
Салливан,sallivan555@gmail.com,sallivan555
Салливан,sallivan555@gmail.com,sallivan555
Камилла,kamilla878@gmail.com,kamilla878
Камилла,kamilla878@gmail.com,kamilla878
Камилла,kamilla878@gmail.com,kamilla878
Камилла,kamilla878@gmail.com,kamilla878
Камилла,kamilla555@gmail.com,kamilla555
Камилла,kamilla555@gmail.com,kamilla555
Zina,zina878@gmail.com,zina878
Zina,zina878@gmail.com,zina878
Zinglinde,zinglinde878@gmail.com,zinglinde878
Zinglinde,zinglinde878@gmail.com,zinglinde878
Кемаль,kemal878@gmail.com,kemal878
Кемаль,kemal878@gmail.com,kemal878
Nihan,nihan555@gmail.com,nihan555
Nihan,nihan555@gmail.com,nihan555
Eldana,eldana878@gmail.com,eldana878
Eldana,eldana878@gmail.com,eldana878
Asu,asu878@gmail.com,asu878
Asu,asu878@gmail.com,asu878
Вильдан,vildan878@gmail.com,vildan878
Вильдан,vildan878@gmail.com,vildan878
iman,iman@mail.com,iman231103
iman,iman@mail.com,iman231103
